{
  "tapupTime" : [
    35.631985625,
    36.465054875,
    37.24867529166667,
    38.21565141666667,
    39.46657041666667,
    40.650380375,
    41.83174487500001,
    43.29932408333334
  ],
  "soundStartTime" : [
    34.81728204166667,
    35.81747979166667,
    36.81762808333333,
    37.81773241666667,
    39.01788833333334,
    40.21856825,
    41.41810316666667,
    42.61833295833333
  ],
  "tapdownTime" : [
    35.55036816666667,
    36.34918800000001,
    37.132458,
    38.11527379166667,
    39.34981812500001,
    40.53236770833333,
    41.69984520833334,
    43.19977058333333
  ]
}