{
  "tapupTime" : [
    30679.29482475,
    30680.17766441667,
    30681.127926125,
    30682.26144304167,
    30683.461387,
    30684.64505204167,
    30685.86159416667
  ],
  "soundStartTime" : [
    30677.62959025,
    30678.629997,
    30679.63013991667,
    30680.63042854167,
    30681.830580625,
    30683.03074225,
    30684.23089995834,
    30685.43106204167
  ],
  "tapdownTime" : [
    30679.22869483333,
    30680.11167329167,
    30681.06216341667,
    30682.19599020834,
    30683.39578975,
    30684.57871804167,
    30685.79560433334
  ]
}