{
  "tapupTime" : [

  ],
  "soundStartTime" : [
    1801.257855166667,
    1802.258016125,
    1803.258190375,
    1825.316692,
    1826.5170435,
    1827.717207125,
    1828.917367541667,
    1857.851454625
  ],
  "tapdownTime" : [
    1803.013230583334,
    1829.292453791667
  ]
}