{
  "tapupTime" : [

  ],
  "soundStartTime" : [
    1469.972086416667,
    1470.972247458333,
    1471.97241025,
    1472.972568791667,
    1474.17272825,
    1475.37289675,
    1476.573052166667,
    1477.773210041667
  ],
  "tapdownTime" : [
    1439.187547625
  ]
}