{
  "tapupTime" : [
    22468.89936325,
    22469.94923966667,
    22471.16567245833,
    22472.38239591667,
    22473.61590004167,
    22474.79902295833
  ],
  "startTime" : [
    22466.567491125,
    22467.56782779167,
    22468.56802791667,
    22469.568240125,
    22470.76839395833,
    22471.96855833333,
    22473.168675875,
    22474.36882820833
  ],
  "tapdownTime" : [
    22468.83345020833,
    22469.882733,
    22471.09994845833,
    22472.30005591667,
    22473.55017425,
    22474.732700875
  ]
}