{
  "tapupTime" : [
    30752.43336845834,
    30753.39881375,
    30754.36532404167,
    30755.54896975,
    30756.79917758334,
    30757.949210875,
    30759.182469875
  ],
  "soundStartTime" : [
    30750.98378916667,
    30751.98412516667,
    30752.98427733334,
    30753.98448133334,
    30755.18459491667,
    30756.38474983333,
    30757.58490845834,
    30758.78501533333
  ],
  "tapdownTime" : [
    30752.365826,
    30753.33240316667,
    30754.299858375,
    30755.48280304167,
    30756.732969125,
    30757.89968970833,
    30759.11638675
  ]
}