{
  "tapupTime" : [
    25152.50823645834,
    25153.6916655,
    25154.74174054167,
    25155.90829208334,
    25157.05849158334,
    25158.25840495833,
    25159.44186083334,
    25160.60852541667,
    25161.84184466667,
    25163.02557495833,
    25164.208780875,
    25165.3923025,
    25166.64249491667,
    25167.82589829167,
    25169.02598620833,
    25170.27603833333,
    25171.54245279167,
    25172.60915770834,
    25173.77629908334,
    25174.99266141667,
    25176.159398625,
    25177.39281875,
    25178.55973754167,
    25179.8265935,
    25180.95970033334,
    25182.193083125,
    25183.343267125,
    25184.60986929167,
    25185.81000533334,
    25187.01018729167
  ],
  "soundStartTime" : [
    25148.761089,
    25149.76152633334,
    25150.76183,
    25151.76200583333,
    25152.96216279167,
    25154.16232266667,
    25155.36247808333,
    25156.562642625,
    25157.762180625,
    25158.96249891667,
    25160.16261645834,
    25161.36276470833,
    25162.562919375,
    25163.763074125,
    25164.96322845833,
    25166.16338383334,
    25167.36353841667,
    25168.563699,
    25169.76385533333,
    25170.96402183333,
    25172.16417716667,
    25173.36433304167,
    25174.56448795833,
    25175.764644375,
    25176.964887625,
    25178.16506920833,
    25179.36434104167,
    25180.564500125,
    25181.7646555,
    25182.964784,
    25184.16493108333,
    25185.36516329167,
    25186.565321125
  ],
  "tapdownTime" : [
    25152.45890979167,
    25153.6277335,
    25154.67571866667,
    25155.84238283334,
    25157.00894066667,
    25158.17675866667,
    25159.375880125,
    25160.54257008334,
    25161.77616675,
    25162.959990125,
    25164.14417220834,
    25165.33353366667,
    25166.57646116667,
    25167.759471125,
    25168.95956333333,
    25170.19288304167,
    25171.47689575,
    25172.543084125,
    25173.71077291667,
    25174.92682458333,
    25176.09317841667,
    25177.327083125,
    25178.49417241667,
    25179.76010825,
    25180.893598875,
    25182.12736275,
    25183.277847,
    25184.543791,
    25185.74388745833,
    25186.943873875
  ]
}