{
  "tapupTime" : [
    30752.43336845834,
    30753.39881375,
    30754.36532404167,
    30755.54896975,
    30756.79917758334,
    30757.949210875,
    30759.182469875,
    30942.042833375,
    30943.00980333333,
    30944.00985295833,
    30945.20971241667,
    30946.392774375,
    30947.54282704167,
    30948.79317625,
    31004.18066245834,
    31005.02963154167,
    31005.97960970833,
    31007.16330604167,
    31008.529784375,
    31009.67974695834,
    31010.829859875,
    31402.90184258333,
    31403.68530916667,
    31404.63533141667,
    31405.83525020834,
    31406.73520208334,
    31407.63595783334,
    31408.852148125,
    31603.99788170834,
    31604.91331308334,
    31605.68002725,
    31606.346943,
    31607.51321620834,
    31608.71332804167,
    31609.997110375,
    31611.21349429167,
    31705.50225091667,
    31706.13644841667,
    31707.15240233334,
    31707.935671125,
    31708.73575404167,
    31709.90239283333,
    31711.119475125,
    31712.269847375
  ],
  "soundStartTime" : [
    30750.98378916667,
    30751.98412516667,
    30752.98427733334,
    30753.98448133334,
    30755.18459491667,
    30756.38474983333,
    30757.58490845834,
    30758.78501533333,
    30940.6120175,
    30941.61156008334,
    30942.61171620834,
    30943.611884375,
    30944.81151958333,
    30946.01144908334,
    30947.21158025,
    30948.41149245833,
    31002.614839625,
    31003.61521245834,
    31004.61536395834,
    31005.615517625,
    31006.81567454167,
    31008.01583354167,
    31009.21599225,
    31010.41614941667,
    31400.63728483333,
    31401.63742916667,
    31402.63759425,
    31403.63775783333,
    31404.83791283334,
    31406.03809404167,
    31407.23830645833,
    31408.43846016667,
    31602.96498891667,
    31603.96536179167,
    31604.96551466667,
    31605.965669125,
    31607.16582279167,
    31608.36598191667,
    31609.56614241667,
    31610.766301875,
    31704.10434445833,
    31705.10470725,
    31706.104841375,
    31707.10499604167,
    31708.305149,
    31709.50530520833,
    31710.70546379167,
    31711.905619625
  ],
  "tapdownTime" : [
    30752.365826,
    30753.33240316667,
    30754.299858375,
    30755.48280304167,
    30756.732969125,
    30757.89968970833,
    30759.11638675,
    30941.96085720833,
    30942.92642758333,
    30943.91020595833,
    30945.09378420834,
    30946.29356620834,
    30947.42670891667,
    30948.67697954167,
    31004.08006108334,
    31004.93005933334,
    31005.879948375,
    31007.06426308334,
    31008.43093958334,
    31009.56386958334,
    31010.74691670834,
    31402.819702125,
    31403.60223791667,
    31404.535708,
    31405.71981870833,
    31406.63614341667,
    31407.52739195833,
    31408.75429916667,
    31603.91388454167,
    31604.863688625,
    31605.63035266667,
    31606.28042641667,
    31607.44779954167,
    31608.66473441667,
    31609.965136875,
    31611.14922858333,
    31705.40320895833,
    31706.08602104167,
    31707.05326225,
    31707.83614220834,
    31708.62027120834,
    31709.78645504167,
    31711.02045541667,
    31712.170073875
  ]
}