{
  "tapupTime" : [
    1003.109663541667,
    1003.842940125,
    1004.859829291667,
    1005.759706958333,
    1007.292795875,
    1008.259843708333,
    1009.392922458333,
    1010.576490916667
  ],
  "soundStartTime" : [
    1002.396214875,
    1003.396379625,
    1004.396712041667,
    1005.396069416667,
    1006.596338375,
    1007.796498208333,
    1008.996652208333,
    1010.196811625
  ],
  "tapdownTime" : [
    1003.026923458333,
    1003.760106041667,
    1004.793547,
    1005.676632708333,
    1007.210531583333,
    1008.193313333333,
    1009.310452916667,
    1010.49340525
  ]
}