{
  "tapupTime" : [
    30752.43336845834,
    30753.39881375,
    30754.36532404167,
    30755.54896975,
    30756.79917758334,
    30757.949210875,
    30759.182469875,
    30942.042833375,
    30943.00980333333,
    30944.00985295833,
    30945.20971241667,
    30946.392774375,
    30947.54282704167,
    30948.79317625
  ],
  "soundStartTime" : [
    30750.98378916667,
    30751.98412516667,
    30752.98427733334,
    30753.98448133334,
    30755.18459491667,
    30756.38474983333,
    30757.58490845834,
    30758.78501533333,
    30940.6120175,
    30941.61156008334,
    30942.61171620834,
    30943.611884375,
    30944.81151958333,
    30946.01144908334,
    30947.21158025,
    30948.41149245833
  ],
  "tapdownTime" : [
    30752.365826,
    30753.33240316667,
    30754.299858375,
    30755.48280304167,
    30756.732969125,
    30757.89968970833,
    30759.11638675,
    30941.96085720833,
    30942.92642758333,
    30943.91020595833,
    30945.09378420834,
    30946.29356620834,
    30947.42670891667,
    30948.67697954167
  ]
}